{
  "timestamp": "2026-01-26 09:21:56",
  "correctness_verification": [
    {
      "layer": 1,
      "max_diff_before": 1.1920928955078125e-07,
      "max_diff_after": 1.1920928955078125e-07,
      "passed_before": 