{
  "config": {
    "L": 10,
    "M": 2000,
    "N_values": [
      5,
      10,
      20,
      40
    ],
    "N_in": 784,
    "N_out": 2,
    "beta": 100000.0,
    "mc_steps": 1000,
    "num_samples": 8,
    "num_replicas": 8,
    "use_mnist": true
  },
  "ln_alpha_values": [
    5.991464547107982,
    5.298317366548036,
    4.605170185988092,
    3.912023005428146
  ],
  "q_star_matrix": [
    [
      0.7427142857142854,
      0.3558214285714287,
      0.20581428571428573,
      0.2027285714285714,
      0.2422,
      0.15775714285714285,
      0.25722142857142855,
      0.15488571428571432,
      0.16232142857142853
    ],
    [
      0.8153535714285712,
      0.4333750000000002,
      0.41560357142857146,
      0.4159678571428572,
      0.42400357142857154,
      0.463625,
      0.5137892857142857,
      0.5080892857142859,
      0.3613714285714286
    ],
    [
      0.6748964285714286,
      0.44711428571428563,
      0.3122767857142857,
      0.2924517857142857,
      0.2985125,
      0.30985357142857145,
      0.3436410714285714,
      0.3369875000000001,
      0.26481785714285716
    ],
    [
      0.6327732142857144,
      0.30059375,
      0.19287857142857145,
      0.12337142857142858,
      0.11578571428571428,
      0.13059285714285715,
      0.13995446428571426,
      0.14465267857142858,
      0.11877500000000005
    ]
  ],
  "q_star_std_matrix": [
    [
      0.0,
      5.551115123125783e-17,
      0.0,
      2.7755575615628914e-17,
      2.7755575615628914e-17,
      0.0,
      5.551115123125783e-17,
      0.0,
      2.7755575615628914e-17
    ],
    [
      0.0,
      5.551115123125783e-17,
      5.551115123125783e-17,
      5.551115123125783e-17,
      0.0,
      0.0,
      0.0,
      1.1102230246251565e-16,
      0.0
    ],
    [
      0.0,
      5.551115123125783e-17,
      0.0,
      0.0,
      0.0,
      0.0,
      0.0,
      5.551115123125783e-17,
      0.0
    ],
    [
      0.0,
      0.0,
      0.0,
      0.0,
      0.0,
      2.7755575615628914e-17,
      2.7755575615628914e-17,
      2.7755575615628914e-17,
      1.3877787807814457e-17
    ]
  ],
  "analysis": [
    {
      "N": 5,
      "alpha": 400.0,
      "ln_alpha": 5.991464547107982,
      "q_values": [
        0.7427142857142854,
        0.3558214285714287,
        0.20581428571428573,
        0.2027285714285714,
        0.2422,
        0.15775714285714285,
        0.25722142857142855,
        0.15488571428571432,
        0.16232142857142853
      ],
      "phases": [
        "固态",
        "液态",
        "液态",
        "液态",
        "液态",
        "液态",
        "液态",
        "液态",
        "液态"
      ],
      "structure": "混合结构",
      "solid_count": 1,
      "liquid_count": 8
    },
    {
      "N": 10,
      "alpha": 200.0,
      "ln_alpha": 5.298317366548036,
      "q_values": [
        0.8153535714285712,
        0.4333750000000002,
        0.41560357142857146,
        0.4159678571428572,
        0.42400357142857154,
        0.463625,
        0.5137892857142857,
        0.5080892857142859,
        0.3613714285714286
      ],
      "phases": [
        "固态",
        "固态",
        "固态",
        "固态",
        "固态",
        "固态",
        "固态",
        "固态",
        "液态"
      ],
      "structure": "混合结构",
      "solid_count": 8,
      "liquid_count": 1
    },
    {
      "N": 20,
      "alpha": 100.0,
      "ln_alpha": 4.605170185988092,
      "q_values": [
        0.6748964285714286,
        0.44711428571428563,
        0.3122767857142857,
        0.2924517857142857,
        0.2985125,
        0.30985357142857145,
        0.3436410714285714,
        0.3369875000000001,
        0.26481785714285716
      ],
      "phases": [
        "固态",
        "固态",
        "液态",
        "液态",
        "液态",
        "液态",
        "液态",
        "液态",
        "液态"
      ],
      "structure": "混合结构",
      "solid_count": 2,
      "liquid_count": 7
    },
    {
      "N": 40,
      "alpha": 50.0,
      "ln_alpha": 3.912023005428146,
      "q_values": [
        0.6327732142857144,
        0.30059375,
        0.19287857142857145,
        0.12337142857142858,
        0.11578571428571428,
        0.13059285714285715,
        0.13995446428571426,
        0.14465267857142858,
        0.11877500000000005
      ],
      "phases": [
        "固态",
        "液态",
        "液态",
        "液态",
        "液态",
        "液态",
        "液态",
        "液态",
        "液态"
      ],
      "structure": "混合结构",
      "solid_count": 1,
      "liquid_count": 8
    }
  ]
}