{
  "timestamp": "2026-01-26 09:06:51",
  "results": [
    {
      "M": 30,
      "N": 3,
      "L": 5,
      "num_updates_per_step": 180,
      "original_times": [
        0.0076982975006103516,
        0.007454633712768555,
        0.00796961784362793,
        0.008241891860961914,
        0.007895469665527344
      ],
      "original_avg": 0.007851982116699218,
      "original_std": 0.00026429667237888333,
      "optimized_times": [
        0.002087831497192383,
        0.001756429672241211,
        0.0016818046569824219,
        0.0017857551574707031,
        0.0018339157104492188
      ],
      "optimized_avg": 0.0018291473388671875,
      "optimized_std": 0.00013843470481553848,
      "speedup": 4.292700729927007
    },
    {
      "M": 60,
      "N": 3,
      "L": 5,
      "num_updates_per_step": 360,
      "original_times": [
        0.01869821548461914,
        0.015723705291748047,
        0.01618671417236328,
        0.021615028381347656,
        0.015672683715820312
      ],
      "original_avg": 0.017579269409179688,
      "original_std": 0.0023046382834962594,
      "optimized_times": [
        0.0031273365020751953,
        0.0028367042541503906,
        0.0030825138092041016,
        0.0031964778900146484,
        0.004294157028198242
      ],
      "optimized_avg": 0.0033074378967285155,
      "optimized_std": 0.0005080441491165791,
      "speedup": 5.3150716530665205
    },
    {
      "M": 120,
      "N": 3,
      "L": 5,
      "num_updates_per_step": 720,
      "original_times": [
        0.03344559669494629,
        0.03403449058532715,
        0.03194713592529297,
        0.03468894958496094,
        0.03038311004638672
      ],
      "original_avg": 0.03289985656738281,
      "original_std": 0.0015509848574287457,
      "optimized_times": [
        0.006634712219238281,
        0.009273290634155273,
        0.005658626556396484,
        0.005692243576049805,
        0.0055904388427734375
      ],
      "optimized_avg": 0.006569862365722656,
      "optimized_std": 0.001405173710510768,
      "speedup": 5.0076934242996085
    },
    {
      "M": 30,
      "N": 3,
      "L": 10,
      "num_updates_per_step": 630,
      "original_times": [
        0.026168346405029297,
        0.03234362602233887,
        0.030475139617919922,
        0.032805442810058594,
        0.028609275817871094
      ],
      "original_avg": 0.030080366134643554,
      "original_std": 0.0024565113227596872,
      "optimized_times": [
        0.00817418098449707,
        0.005946636199951172,
        0.0058023929595947266,
        0.005883932113647461,
        0.005699872970581055
      ],
      "optimized_avg": 0.006301403045654297,
      "optimized_std": 0.0009400306590004166,
      "speedup": 4.773598183881952
    },
    {
      "M": 60,
      "N": 3,
      "L": 10,
      "num_updates_per_step": 1260,
      "original_times": [
        0.06168198585510254,
        0.058373451232910156,
        0.05164742469787598,
        0.053906917572021484,
        0.05900287628173828
      ],
      "original_avg": 0.056922531127929686,
      "original_std": 0.003633347970591057,
      "optimized_times": [
        0.011313199996948242,
        0.011707305908203125,
        0.011937141418457031,
        0.0113677978515625,
        0.012513399124145508
      ],
      "optimized_avg": 0.011767768859863281,
      "optimized_std": 0.00043701647148697954,
      "speedup": 4.8371557774284
    },
    {
      "M": 120,
      "N": 3,
      "L": 10,
      "num_updates_per_step": 2520,
      "original_times": [
        0.1115732192993164,
        0.11172842979431152,
        0.11995339393615723,
        0.12122273445129395,
        0.1154623031616211
      ],
      "original_avg": 0.11598801612854004,
      "original_std": 0.004025850915803377,
      "optimized_times": [
        0.0244901180267334,
        0.021625518798828125,
        0.023079872131347656,
        0.022554636001586914,
        0.02175140380859375
      ],
      "optimized_avg": 0.02270030975341797,
      "optimized_std": 0.0010415661461598514,
      "speedup": 5.109534512456413
    },
    {
      "M": 120,
      "N": 5,
      "L": 10,
      "num_updates_per_step": 4200,
      "original_times": [
        0.18196892738342285,
        0.18715858459472656,
        0.22584152221679688,
        0.21100878715515137,
        0.20465421676635742
      ],
      "original_avg": 0.202126407623291,
      "original_std": 0.015987825876147117,
      "optimized_times": [
        0.03637981414794922,
        0.03724551200866699,
        0.037008047103881836,
        0.0384213924407959,
        0.03863334655761719
      ],
      "optimized_avg": 0.03753762245178223,
      "optimized_std": 0.0008588316875959474,
      "speedup": 5.384635318417573
    },
    {
      "M": 240,
      "N": 3,
      "L": 10,
      "num_updates_per_step": 5040,
      "original_times": [
        0.2576627731323242,
        0.23297715187072754,
        0.23888373374938965,
        0.2436072826385498,
        0.2434988021850586
      ],
      "original_avg": 0.24332594871520996,
      "original_std": 0.008154562298450498,
      "optimized_times": [
        0.04703640937805176,
        0.047069549560546875,
        0.04721665382385254,
        0.04954338073730469,
        0.049384355545043945
      ],
      "optimized_avg": 0.04805006980895996,
      "optimized_std": 0.0011570484506018414,
      "speedup": 5.064008224808794
    }
  ]
}